{
    "Alewife":-29658.1666666667,
    "Davis":-29598.3333333333,
    "Porter":-29563.1666666667,
    "Harvard":-35252.2,
    "Central":-18041.2,
    "Kendall/MIT":-17955.0,
    "Charles/MGH":-22209.0,
    "Park Street":-22244.0,
    "Downtown Crossing":-22265.0,
    "South Station":-564.0,
    "Broadway":-477.0,
    "Andrew":-536.5,
    "Davis":460.75,
    "Porter":516.6,
    "Harvard":429.6,
    "Central":337.6,
    "Kendall/MIT":277.666666666667,
    "Charles/MGH":324.666666666667,
    "Park Street":406.666666666667,
    "Downtown Crossing":-13830.3333333333,
    "South Station":-13883.3333333333,
    "Broadway":-14039.3333333333,
    "Andrew":-13976.3333333333,
    "North Quincy":58.0,
    "Wollaston":139.0,
    "Quincy Center":395.0,
    "Quincy Adams":437.0,
    "JFK/UMass":-42897.75,
    "Forest Hills":-17097.1,
    "Green Street":92.8,
    "Stony Brook":92.8,
    "Jackson Square":132.8,
    "Roxbury Crossing":110.166666666667,
    "Ruggles":86.1666666666667,
    "Massachusetts Avenue":118.166666666667,
    "Back Bay":62.1666666666667,
    "Tufts Medical Center":65.1666666666667,
    "Chinatown":43.2857142857143,
    "Downtown Crossing":50.2857142857143,
    "State":55.2857142857143,
    "Haymarket":86.2857142857143,
    "North Station":99.2857142857143,
    "Community College":87.2857142857143,
    "Sullivan Square":-10623.875,
    "Wellington":-10535.875,
    "Malden Center":-21339.875,
    "Oak Grove":-21313.875,
    "Assembly":-10628.875,
    "Green Street":-17129.1,
    "Stony Brook":-9544.11111111111,
    "Jackson Square":-10780.125,
    "Roxbury Crossing":-10796.125,
    "Ruggles":-10797.125,
    "Massachusetts Avenue":-10788.125,
    "Back Bay":28.1428571428571,
    "Tufts Medical Center":95.1428571428571,
    "Chinatown":87.1428571428571,
    "Downtown Crossing":123.142857142857,
    "State":102.142857142857,
    "Haymarket":137.142857142857,
    "North Station":103.166666666667,
    "Community College":129.166666666667,
    "Sullivan Square":13.1666666666667,
    "Wellington":72.1666666666667,
    "Malden Center":95.0,
    "Assembly":70.1666666666667,
    "Babcock Street":1411.0,
    "Amory Street":1347.0,
    "Boston University Central":1209.0,
    "Boston University East":1206.0,
    "Blandford Street":1208.0,
    "Hynes Convention Center":301.75,
    "Copley":99.3,
    "Arlington":132.727272727273,
    "Boylston":152.727272727273,
    "Park Street":174.818181818182,
    "Government Center":173.833333333333,
    "Kenmore":1180.0,
    "Babcock Street":-321.0,
    "Amory Street":-274.0,
    "Boston College":-338.5,
    "South Street":-357.666666666667,
    "Chestnut Hill Avenue":-352.833333333333,
    "Chiswick Road":-330.5,
    "Sutherland Road":-301.833333333333,
    "Washington Street":-360.8,
    "Warren Street":-342.8,
    "Allston Street":-361.8,
    "Griggs Street":-360.8,
    "Harvard Avenue":-341.8,
    "Packard's Corner":-295.6,
    "Boston University Central":-204.0,
    "Boston University East":-174.0,
    "Blandford Street":-205.0,
    "Hynes Convention Center":-140.6,
    "Copley":-165.083333333333,
    "Arlington":-151.083333333333,
    "Boylston":-151.5,
    "Park Street":-130.0,
    "Government Center":-353.0,
    "Kenmore":-181.0,
    "Haymarket":2.875,
    "North Station":56.6666666666667,
    "Science Park/West End":32.6666666666667,
    "Lechmere":49.3,
    "Gilman Square":-9638.22222222222,
    "Magoun Square":-8654.0,
    "Ball Square":-8683.0,
    "Medford/Tufts":-17359.0,
    "East Somerville":-10859.75,
    "Haymarket":-338.0,
    "North Station":-264.5,
    "Science Park/West End":-419.0,
    "Lechmere":-422.0,
    "Kenmore":-150.375,
    "Park Street":-52.0,
    "Saint Mary's Street":-36.0,
    "Hawes Street":-10.0,
    "Kent Street":-24.0,
    "Saint Paul Street":-22.0,
    "Coolidge Corner":-8.0,
    "Summit Avenue":-42.8333333333333,
    "Brandon Hall":-10.3333333333333,
    "Fairbanks Street":-23.0,
    "Washington Square":-13.0,
    "Tappan Street":52.0,
    "Dean Road":48.0,
    "Englewood Avenue":5.0,
    "Cleveland Circle":25.0,
    "Kenmore":28.5,
    "Saint Mary's Street":95.0,
    "Hawes Street":96.0,
    "Kent Street":96.0,
    "Saint Paul Street":68.0,
    "Coolidge Corner":43.0,
    "Summit Avenue":18.0,
    "Brandon Hall":34.0,
    "Fairbanks Street":61.0,
    "Washington Square":55.0,
    "Beaconsfield":-64.0,
    "Brookline Hills":-44.0,
    "Brookline Village":-72.0,
    "Longwood":-48.0,
    "Fenway":-7.0,
    "Union Square":413.5,
    "Riverside":36.1666666666667,
    "Woodland":-50.8,
    "Waban":-4.8,
    "Eliot":-0.8,
    "Newton Highlands":6.2,
    "Newton Centre":3.2,
    "Chestnut Hill":-35.8,
    "Reservoir":-13.8,
    "Beaconsfield":-142.5,
    "Brookline Hills":-106.0,
    "Brookline Village":-171.0,
    "Longwood":-138.666666666667,
    "Fenway":-191.333333333333,
    "Park Street":-204.0,
    "Prudential":-52.3333333333333,
    "Symphony":-72.3333333333333,
    "Northeastern University":-42.3333333333333,
    "Museum of Fine Arts":12.2,
    "Longwood Medical Area":25.2,
    "Brigham Circle":-121.8,
    "Fenwood Road":-155.8,
    "Mission Park":-147.8,
    "Riverway":-262.5,
    "Back of the Hill":-247.5,
    "Heath Street":-948.25,
    "Park Street":-410.0,
    "Prudential":-329.5,
    "Symphony":-354.5,
    "Northeastern University":-1108.33333333333,
    "Museum of Fine Arts":-1085.0,
    "Longwood Medical Area":-898.5,
    "Brigham Circle":-903.75,
    "Fenwood Road":-885.75,
    "Mission Park":-926.0,
    "Riverway":-884.0,
    "Back of the Hill":-927.5,
    "Government Center":16.0,
    "State":67.0,
    "Aquarium":38.0,
    "Maverick":16.0,
    "Airport":-16.0,
    "Orient Heights":22.3333333333333,
    "Suffolk Downs":26.3333333333333,
    "Beachmont":-1.66666666666667,
    "Revere Beach":-0.666666666666667,
    "Wonderland":20.75,
    "Government Center":-43.75,
    "State":-65.75,
    "Aquarium":-78.75,
    "Maverick":-99.75,
    "Airport":-76.75,
    "Wood Island":-60.75,
    "Orient Heights":-41.75,
    "Suffolk Downs":-22.75,
    "Beachmont":28.0,
    "Revere Beach":35.0,
    "Bowdoin":-77.75
}
